word,frequency,sentiment
online,905,0
many,332,0
good,319,5
n,207,0
clear,200,0
much,188,0
available,180,0
necessary,174,0
complete,168,0
possible,167,0
new,161,0
open,156,0
correct,153,0
different,146,0
first,144,0
previous,138,0
difficult,134,-5
better,131,0
able,127,0
missing,126,-3
public,119,0
federal,119,0
easy,119,3
direct,119,0
mexican,118,0
busy,111,-3
simple,108,0
long,107,0
bad,106,-7
live,105,0
high,104,0
last,104,0
portal,103,0
right,101,0
impossible,99,-7
professional,99,0
easier,98,0
several,95,0
electronic,91,0
friendly,90,3
original,89,0
personal,89,0
specific,88,0
medical,86,0
little,81,0
complicated,80,-5
social,78,0
single,75,0
slow,74,-5
key,74,0
real,73,0
official,71,0
digital,71,0
general,69,0
confusing,67,-5
free,66,0
legal,66,0
accessible,66,0
present,66,0
full,65,0
efficient,64,0
foreign,61,0
next,61,0
record,60,0
useless,59,-3
military,58,0
wrong,57,-3
important,55,0
national,55,0
clearer,54,-3
less,54,0
useful,53,-5
poor,53,-5
best,53,0
nearest,52,0
old,48,-3
current,47,0
temporary,45,0
local,44,0
asd,43,0
practical,42,0
informaci,42,0
whole,41,0
great,40,3
visible,40,0
responsible,40,0
enough,39,0
additional,39,0
unable,38,-3
total,37,0
economic,37,0
low,37,0
mere,36,0
rude,36,-10
unclear,36,-3
select,36,0
worse,35,0
valid,35,0
effective,34,0
civil,34,0
iztapalapa,34,0
true,33,0
third,33,0
inefficient,33,-7
detailed,33,0
incomplete,33,-3
ready,32,0
appropriate,32,0
urgent,32,-5
administrative,32,0
renewal,32,0
interested,32,0
small,30,0
virtual,30,0
technical,30,0
faster,29,0
physical,29,0
entire,29,0
minor,28,0
private,28,0
basic,28,0
bureaucratic,28,-5
accurate,28,0
cumbersome,27,0
municipal,27,0
relevant,27,0
short,27,0
elderly,27,-3
older,27,-3
close,26,0
lower,26,0
half,26,0
else,26,0
capital,26,0
active,26,0
incorrect,25,-3
agile,25,0
financial,25,0
excellent,24,5
permanent,24,0
serious,24,-2
kind,24,0
regional,23,0
certain,23,0
simpler,23,-2
pure,23,0
actual,23,0
lousy,23,0
second,23,0
mad,22,-5
human,22,0
main,22,0
special,22,0
facilitate,21,-3
ordinary,21,0
expensive,21,-3
unnecessary,20,-3
mandatory,20,-2
various,19,0
nice,19,5
popular,19,0
proper,19,0
faithful,19,0
large,19,0
concerned,19,-3
timely,19,0
due,18,0
primary,18,0
set,18,0
east,18,0
immediate,18,0
extra,18,0
individual,18,0
fast,18,0
outside,18,0
editable,18,0
informacin,17,0
royalty,17,0
explicit,17,-1
annoying,17,-7
young,17,0
back,17,0
secondary,17,0
quality,17,0
prior,17,0
absurd,17,-7
tedious,16,-7
fine,16,3
territorial,16,0
mexicali,16,0
precise,16,0
upset,16,-5
red,16,0
longer,16,-2
related,16,0
trmite,16,0
educational,16,0
minimum,16,0
external,16,0
annual,16,0
fovissste,15,0
outdated,15,-3
worst,15,-5
helpful,15,0
closest,15,0
consistent,15,0
terrible,15,-10
prompt,15,0
final,15,0
exact,15,0
equal,15,0
white,15,0
competent,14,-3
indicate,14,0
common,14,0
nn,14,0
manual,14,0
renovaci,14,0
sure,14,0
double,13,0
black,13,0
maximum,13,0
approximate,13,0
green,13,0
separate,13,0
front,13,0
horrible,13,-10
ridiculous,13,-10
colombian,13,0
indigenous,12,0
adequate,12,0
notary,12,0
representative,12,0
arrogant,12,-10
ill,12,0
hard,12,-3
familiar,12,0
higher,12,0
early,12,0
ambiguous,12,-3
particular,12,0
sad,12,-3
quick,12,0
express,12,0
alternative,12,0
nnica,12,0
executive,12,0
late,12,0
consular,12,0
sorry,11,0
similar,11,0
specialty,11,0
obvious,11,0
fair,11,0
frustrating,11,-7
greater,11,0
adult,11,0
forward,11,0
monthly,11,0
english,11,0
nnico,11,0
big,11,0
willing,11,0
subject,11,0
understandable,11,0
obsolete,11,-3
false,11,0
flexible,10,0
holy,10,0
excessive,10,-3
aware,10,0
sick,10,-2
earlier,10,0
central,10,0
respective,10,0
intuitive,10,0
unfriendly,10,-3
worth,10,0
safe,10,0
sufficient,10,0
american,10,0
dear,10,0
perfect,10,0
later,10,0
fatal,9,-7
middle,9,0
irregular,9,-3
comprehensive,9,0
understanding,9,0
automatic,9,0
incredible,9,0
clean,9,0
multiple,9,0
illogical,9,-2
environmental,9,0
recent,9,0
senior,9,0
tramite,9,0
concrete,9,0
caring,9,0
complex,9,-3
spanish,9,0
ignorant,9,-5
cordial,9,0
amazing,8,0
friendlier,8,-2
academic,8,0
successful,8,0
favorable,8,0
decent,8,0
arab,8,0
voluntary,8,0
telefnica,8,0
major,8,0
desirable,8,0
internal,8,0
unfair,8,-5
concise,8,0
honest,8,0
michoacan,8,0
rightful,7,0
unaware,7,0
invalid,7,-2
actualizaci,7,0
ok,7,2
unknown,7,0
anonymous,7,0
subsequent,7,0
functional,7,0
comunicaci,7,0
commercial,7,0
average,7,0
preregistration,7,0
blue,7,0
suitable,7,0
future,7,0
reliable,7,0
desperate,7,-5
endless,7,0
interior,7,0
organized,7,0
sinaloa,7,0
complicate,7,-3
presencial,7,0
top,7,0
mediocre,7,-10
yucatan,7,0
clinical,7,0
provisional,7,0
okay,7,0
deficient,7,-5
telefnico,7,0
empty,7,0
lead,7,0
moral,7,0
medium,7,0
applicable,7,0
inept,6,-7
relative,6,0
attentive,6,0
dd,6,0
rich,6,0
nowhere,6,0
south,6,0
marital,6,0
identificacin,6,0
rest,6,0
corrupt,6,-5
convenient,6,0
happy,6,0
daily,6,0
stupid,6,-7
muscular,6,0
nefarious,6,0
puerto,6,0
tired,6,-3
unfortunate,6,-3
dead,6,0
alone,6,0
straightforward,6,0
postal,6,0
normal,6,0
armed,6,0
straight,6,0
issste,6,0
smart,6,0
closer,6,0
valuable,6,0
minimal,6,0
criminal,6,-3
west,6,0
corporate,6,0
overall,6,0
advanced,6,0
grateful,6,0
logical,6,0
enza,6,0
former,6,0
delegaci,5,0
curp,5,0
easiest,5,-2
upbc,5,0
uncomfortable,5,-3
traditional,5,0
nss,5,0
gray,5,0
fastest,5,-2
venezuelan,5,0
north,5,0
zero,5,0
credencial,5,0
unmoving,5,0
disgusting,5,-5
simplest,5,0
aggressive,5,-7
honorable,5,0
verbal,5,0
diplomatic,5,0
peruvian,5,0
silly,5,-5
resuesta,5,0
ideal,5,0
compulsa,5,0
angry,5,-5
costly,5,-2
correosdemexico,5,0
responsive,5,0
instructive,5,0
past,5,0
crazy,5,-2
cuajimalpa,5,0
duplicate,5,0
agradesco,5,0
beautiful,5,5
secure,5,0
huge,5,0
political,5,0
identificaci,5,0
essential,5,0
damn,5,-3
fourth,5,0
approx,5,0
vertical,5,0
bound,5,0
occupy,5,0
mobile,5,0
payable,5,0
expedici,5,0
advance,5,0
alien,5,0
instituci,5,0
procedural,5,0
urban,5,0
transparent,5,0
trouble,5,-3
renewable,5,0
brief,5,0
informal,4,0
nonconformist,4,-2
renovacin,4,0
ocaciona,4,0
enter,4,0
pensionissste,4,0
technological,4,0
patient,4,0
handy,4,0
etrangere,4,0
maddening,4,-3
resoluci,4,0
dynamic,4,0
joint,4,0
come,4,0
universal,4,0
unacceptable,4,-7
ubicacin,4,0
sexual,4,-7
larger,4,0
extreme,4,0
insufficient,4,-3
organic,4,0
latest,4,0
nonexistent,4,-2
fellow,4,0
contrary,4,0
tapaban,4,0
viable,4,0
guadalajara,4,0
industrial,4,0
nmero,4,0
undergraduate,4,0
nationality,4,0
incongruous,4,-3
appalling,4,-5
munhas,4,0
frequent,4,0
algunapor,4,0
distant,4,-3
erroneous,4,-3
visitaduria,4,0
prosperous,4,0
mexitel,4,0
needless,4,-2
harmful,4,-3
precente,4,0
heavy,4,0
informative,4,0
liaison,4,0
hazardous,4,-3
realizaci,4,0
flat,4,0
delagacion,4,0
pdf,4,0
ocacionados,4,0
unique,4,0
ease,4,0
desviavan,4,0
electoral,4,0
formal,4,0
latter,4,0
nezahualcoyotl,4,0
redundant,4,-1
fewer,4,0
atenci,4,0
metropolitan,4,0
badly,4,-3
vague,4,0
sfactory,4,0
unresponsive,4,-3
german,4,0
slim,4,0
accordance,4,0
ugly,4,-5
disrespectful,4,-7
indispensable,4,-2
problematic,4,-3
modern,4,0
fiscal,4,0
astonishing,4,0
standard,4,0
awful,4,-3
round,4,0
feasible,4,0
pronunciaday,4,0
lucky,4,0
natural,4,0
lamentable,4,-5
productive,4,0
principal,4,0
net,4,0
atencin,4,0
rare,4,0
welcome,4,0
limited,4,0
legible,4,0
expeditious,4,0
humedeciniento,4,0
respectful,4,0
harvest,4,0
undue,4,-2
satisfactory,4,0
elda,4,0
allegue,4,0
rural,4,0
nationwide,4,0
delegacional,4,0
extemporaneous,4,0
cuban,4,0
sustainable,4,0
programaci,4,0
sedesol,4,0
identical,4,0
french,4,0
humble,4,0
incompetent,4,-5
impractical,3,-2
truthful,3,0
explanatory,3,0
partial,3,0
light,3,0
publicaci,3,0
extensive,3,0
election,3,0
downloadable,3,0
modificaci,3,0
nearby,3,0
satisfied,3,3
exasperating,3,0
cdmx,3,0
independent,3,0
donor,3,0
illegal,3,0
ineffective,3,0
dangerous,3,-2
programacin,3,0
upper,3,0
tlaxcala,3,0
massive,3,0
ubicaci,3,0
downtown,3,0
hidalgo,3,0
optional,3,0
mend,3,0
reenable,3,0
usual,3,0
obscene,3,-3
preinscripci,3,0
intermediary,3,0
intellectual,3,0
youngest,3,0
gobmx,3,0
realtime,3,0
imss,3,0
extraordinary,3,0
electrnica,3,0
painful,3,-5
interesting,3,2
semarnat,3,0
global,3,0
permit,3,0
secretariat,3,0
vain,3,0
encuenta,3,0
pushy,3,-3
default,3,0
automated,3,0
indirect,3,0
worthy,3,0
dependent,3,0
regularize,3,0
czech,3,0
multichannel,3,0
interactive,3,0
discriminatory,3,-7
famous,3,0
boring,3,-3
malicious,3,-5
cartilla,3,0
vital,3,0
acseso,3,0
ashamed,3,0
annex,3,
judicial,3,0
female,3,0
ejidal,3,0
choice,3,0
cute,3,0
lnea,3,0
comfortable,3,2
continuous,3,0
significant,3,0
irritating,3,-3
educaci,3,0
nomas,3,0
constacia,3,0
elementary,3,0
ms,3,0
initial,3,0
pd,3,0
miserable,3,-5
affiliate,3,0
dual,3,0
united,3,0
orderly,3,0
countless,3,0
shut,3,0
unsafe,3,-2
inconsistent,3,-2
twentyfirst,3,0
esque,3,0
wise,3,2
doea,3,0
consecutive,3,0
constant,3,0
violent,3,-5
exceptional,3,3
lowincome,3,0
documentaci,3,0
agricultural,3,0
pasd,3,0
indefinite,3,0
wider,3,0
tenth,3,0
rudimentary,3,0
international,3,0
detestable,3,-5
inclusive,3,0
regular,3,0
actualizacin,3,0
surprised,3,0
hot,3,0
egyptian,3,0
tambi,3,0
deaf,3,0
well,3,0
complicarselas,2,-3
madelein,2,0
descepcionante,2,-5
homoclave,2,0
balanciaria,2,0
impresi,2,0
implicit,2,0
shorter,2,0
cold,2,0
aguilizar,2,0
evil,2,-5
hereafter,2,0
rigorous,2,0
governmental,2,0
pineda,2,0
part,2,0
shiny,2,0
revetty,2,0
despu,2,0
liconsa,2,0
pleasant,2,0
archaic,2,0
arduous,2,0
secular,2,0
capable,2,0
alar,2,0
weekly,2,0
unfamiliar,2,0
rechargeable,2,0
attender,2,0
nimble,2,0
unusable,2,-3
depressing,2,-3
notificaci,2,0
nuisance,2,0
unlucky,2,-2
permanesco,2,0
complement,2,0
crap,2,-5
lifelong,2,0
burocratico,2,-5
smaller,2,0
presentaci,2,0
newborn,2,0
nnde,2,0
realizer,2,0
chinese,2,0
ridd,2,0
secretar,2,0
constitutive,2,0
cultural,2,0
telef,2,0
vile,2,0
transact,2,0
eligible,2,0
unify,2,0
opsion,2,0
operate,2,0
acceptable,2,0
pendejo,2,-7
harder,2,-3
noncriminal,2,0
tlalnepantla,2,0
juanfernandoalcarazacosta,2,0
eastern,2,0
cedula,2,0
opci,2,0
absolute,2,0
hacermi,2,0
plafest,2,0
meaningless,2,-3
vidiro,2,0
progrmar,2,0
distressing,2,0
broader,2,0
cancelacin,2,0
fotost,2,0
largest,2,0
inconceivable,2,0
yetziry,2,0
supplementary,2,0
restore,2,0
polite,2,0
apostille,2,0
echeverry,2,0
shorten,2,0
numerous,2,0
apersonandose,2,0
actualicense,2,-3
certificajar,2,0
sas,2,0
sedena,2,0
negative,2,-3
requisite,2,0
affordable,2,0
outstanding,2,0
yourcompany,2,0
frustrated,2,0
pediatric,2,0
alphabetical,2,0
normalisaria,2,0
representaci,2,0
careless,2,-3
dignified,2,0
blind,2,0
b,2,0
strange,2,-2
parental,2,0
denominaci,2,0
fraudulent,2,-3
ynatalehotmailcom,2,0
expand,2,0
uniform,2,0
ample,2,0
lacking,2,0
prudent,2,0
unified,2,0
asignaci,2,0
credible,2,0
edo,2,0
inormacion,2,0
aver,2,0
considerate,2,0
infonavit,2,0
positive,2,3
unhappy,2,-5
blank,2,0
ventanilla,2,0
naturalization,2,0
objective,2,0
complementary,2,0
explicacin,2,0
pesima,2,-7
telephone,2,0
papal,2,0
semanadel,2,0
square,2,0
confirmaci,2,0
mock,2,-3
rapid,2,0
espartanhotmailcom,2,0
racist,2,-10
nmeros,2,0
orientaci,2,0
mental,2,0
canadian,2,0
prostitutas,2,0
northern,2,0
gloomy,2,0
interbancaria,2,0
prosesa,2,0
huixquilucan,2,0
geographical,2,0
jente,2,0
eucpn,2,0
aser,2,0
fantastic,2,5
cuuado,2,0
radiant,2,0
strong,2,0
literal,2,0
hidden,2,0
visitar,2,0
unanswered,2,0
burocratica,2,0
mwexicali,2,0
chief,2,0
distinguish,2,0
fovisste,2,0
plastic,2,0
domestic,2,0
desentralizar,2,0
straw,2,0
widespread,2,0
institutional,2,0
nonfunctional,2,-2
telesecundaria,2,0
pesimo,2,-7
fotograf,2,0
aparese,2,0
historic,2,0
retramitar,2,0
humanitarian,2,0
thorough,2,0
printable,2,0
disseminate,2,0
proud,2,0
reestablescan,2,0
reasonable,2,0
organ,2,0
overdue,2,0
irrelevant,2,-2
deberan,2,0
asociaci,2,0
maternal,2,0
irresponsible,2,-3
diverse,2,0
compatible,2,0
earnest,2,0
ine,2,0
danger,2,-2
segob,2,0
optic,2,0
agenciar,2,0
delegacin,2,0
dif,2,0
sole,2,0
confused,2,-2
transitional,2,0
toxic,2,-3
bright,2,0
intransigent,2,0
aclaraci,2,0
cpomo,2,0
terse,2,0
repetitive,2,0
alive,2,0
awkward,2,-2
considerable,2,0
colloquial,2,0
disorganized,2,-2
precisi,2,0
psychological,2,0
samll,2,0
polytechnic,2,0
validate,2,0
loose,2,0
berraca,2,0
noticeable,2,0
superior,2,0
piztola,2,0
advisory,2,0
foolproof,2,0
improper,2,-2
download,2,0
capacitacin,2,0
lowest,2,0
intelligent,2,0
outrageous,2,-5
inaccurate,2,0
lic,2,0
impolite,2,-3
improve,2,0
organizaci,2,0
sibadac,2,0
accustomed,2,0
outer,1,0
exigan,1,0
likely,1,0
pastaas,1,0
hayudar,1,0
descriptive,1,0
marthablancohotmailcom,1,0
nadaaaa,1,0
extraoy,1,0
overlap,1,0
efientizado,1,0
saven,1,0
unad,1,0
veridical,1,0
specialist,1,0
tamad,1,0
agilisarian,1,0
militant,1,0
cheaper,1,0
jocelyn,1,0
cundo,1,0
scary,1,-3
integral,1,0
dominican,1,0
unsustainable,1,-2
doctoral,1,0
haver,1,0
inici,1,0
sucedi,1,0
virgin,1,0
imprimitirla,1,0
juvenile,1,0
hubira,1,0
tortuous,1,0
complusa,1,0
uperdomohotmailcom,1,0
broad,1,0
elcomprobante,1,0
dizque,1,0
acompaadas,1,0
strengthen,1,0
despericiadero,1,-5
disappointed,1,-5
programmable,1,0
generous,1,0
keesteao,1,0
pensando,1,0
gay,1,0
copiaceetificada,1,0
arreglatelas,1,0
autonomous,1,0
pasarporte,1,0
vrevedad,1,0
workable,1,0
incrible,1,0
aperturado,1,0
mensione,1,0
lasdudas,1,0
ptima,1,0
lighter,1,0
coacalco,1,0
hacerca,1,0
aseso,1,0
afiliaba,1,0
localizable,1,0
oexplicar,1,0
deverian,1,0
dirijirse,1,0
noncomunicaci,1,0
cardozaivanhotmailcom,1,0
justificaci,1,0
telefonicamente,1,0
buscndolos,1,0
vacant,1,0
ofrecer,1,0
internt,1,0
mazatlan,1,0
loescribi,1,0
jamd,1,0
fulltime,1,0
amplear,1,0
hip,1,0
colocacen,1,0
retain,1,0
tortilleria,1,0
bored,1,-2
digitalize,1,0
juauctemoc,1,0
ubicac,1,0
elcotejo,1,0
longest,1,0
verifiable,1,0
camsannajgmailcom,1,0
sale,1,0
antecedent,1,0
offline,1,0
involved,1,0
faulty,1,-2
asdasdasd,1,0
funcinaba,1,0
accesibiliada,1,0
tion,1,0
electrical,1,0
unaffordable,1,-3
muetras,1,0
accessar,1,0
openable,1,0
tiltepec,1,0
unilateral,1,0
diseniaron,1,0
veracuzanjunocom,1,0
rodillad,1,0
fractional,1,0
oasiona,1,0
oncologia,1,0
cuauhtemoc,1,0
stationary,1,0
extensan,1,0
navegaci,1,0
presentar,1,0
reestablish,1,0
rodeaa,1,0
fake,1,-3
mex,1,0
exorbitant,1,0
alumnos,1,0
worried,1,-3
denominacon,1,0
telefonica,1,0
weary,1,0
ndase,1,0
least,1,0
informacionq,1,0
cisen,1,0
supervisory,1,0
disturbing,1,-3
entenda,1,0
apoya,1,0
unapproachable,1,-3
vijahcllrl,1,0
indian,1,0
credentialed,1,0
migracin,1,0
nnand,1,0
rezidencia,1,0
unreasonable,1,-3
actulizacion,1,0
run,1,0
auxiliary,1,0
mande,1,0
httpwwwgobmxtramitesfichareposiciondelacartilladeidentidaddelserviciomilitarnacionalsedena,1,0
noble,1,0
copienselo,1,0
cotestar,1,0
impresin,1,0
empiese,1,0
contestacin,1,0
cellular,1,0
sencilla,1,0
obligaci,1,0
alamejor,1,0
calidadnecesitamos,1,0
neglijecia,1,0
axochiapan,1,0
pngense,1,0
avansen,1,0
male,1,0
interenet,1,0
mans,1,0
likewise,1,0
actualziar,1,0
agendarme,1,0
extorcionando,1,-5
cuandpo,1,0
olesa,1,0
earliest,1,0
deliveredst,1,0
sleepy,1,0
gentebueno,1,0
lagunesmarthayahoocommx,1,0
armandohotmailcom,1,0
indispensablr,1,0
extempor,1,0
derivative,1,0
espliquen,1,0
characteristic,1,0
machote,1,0
prevailing,1,0
eventual,1,0
everywhere,1,0
systematic,1,0
ingresabas,1,0
aperturarme,1,0
flawless,1,3
naught,1,0
deregister,1,0
incorecto,1,0
rembolzo,1,0
chihuahua,1,0
localizaci,1,0
antrior,1,0
atencionmaria,1,0
arbitrary,1,0
cronolgico,1,0
drbaezcirugiaesteticagmailcom,1,0
untilar,1,0
deadline,1,0
navegacin,1,0
informadcion,1,0
obetener,1,0
socio,1,0
nnpublic,1,0
intractable,1,-5
alcansa,1,0
afecrtando,1,0
direccionaron,1,0
xico,1,0
apocryphal,1,0
unjust,1,-5
identifiable,1,0
clearest,1,0
material,1,0
entida,1,0
quejaas,1,0
lineaaaaa,1,0
prestamoy,1,0
pujedn,1,0
nontransferable,1,0
readable,1,0
vitual,1,0
preenroll,1,0
telefonicos,1,0
atenderfalta,1,0
oomsapa,1,0
oblivious,1,0
conceptual,1,0
enrredado,1,0
guetemalteco,1,0
unofficial,1,0
dariasdarias,1,0
inaxcequible,1,0
ancient,1,0
xicano,1,0
indomethacin,1,0
borrraron,1,0
capacitaci,1,0
antelaci,1,0
notarial,1,0
dedillo,1,0
renapo,1,0
ecuadorian,1,0
proganproductivo,1,0
heritage,1,0
unforeseen,1,0
unresolved,1,-2
promexico,1,0
intensive,1,0
certiicado,1,0
dzn,1,0
reset,1,0
federalsegob,1,0
refugee,1,0
multimodal,1,0
pitiful,1,0
wet,1,0
ndirectory,1,0
auvrhdfglb,1,0
avoidable,1,0
nmechanics,1,0
acftualizar,1,0
distinguishable,1,0
lineade,1,0
unintuitive,1,-2
ponerpaso,1,0
transaparente,1,0
vena,1,0
avanzadad,1,0
relizarlo,1,0
secretria,1,0
adquisici,1,0
doubt,1,0
generacuando,1,0
deveras,1,0
chequen,1,0
habd,1,0
ivr,1,0
substantial,1,0
zolotepec,1,0
tramiar,1,0
encimada,1,0
null,1,0
unexciting,1,0
organizational,1,0
nonstop,1,0
tecnologa,1,0
gener,1,0
nierman,1,0
olmpiadas,1,0
optener,1,0
rife,1,0
preoblemas,1,0
alcanso,1,0
destartalando,1,0
democrasia,1,0
contrast,1,0
memmanuel,1,0
guvernamental,1,0
queson,1,0
gobun,1,0
ortros,1,0
patronal,1,0
aplicaicon,1,0
reposici,1,0
favorite,1,0
correcamente,1,0
republic,1,0
agilizava,1,0
revalidaci,1,0
superficial,1,0
cavesa,1,0
cindesa,1,0
unpleasant,1,-5
nonexistant,1,0
peape,1,0
naucalli,1,0
bent,1,0
fotmato,1,0
dedicndose,1,0
caaron,1,0
faraway,1,0
decisive,1,0
esplicita,1,0
zitacuaro,1,0
nesecitan,1,0
laboro,1,0
asesor,1,0
charitable,1,0
orthopedics,1,0
lesda,1,0
unemployed,1,0
mandarin,1,0
colorful,1,0
vary,1,0
pink,1,0
soloquen,1,0
methodical,1,0
deecadente,1,0
coordinacin,1,0
misleading,1,-2
evitar,1,0
socioeconomic,1,0
prospera,1,0
naval,1,0
terminal,1,0
travesty,1,0
limitad,1,0
unapregunta,1,0
decuvrimiento,1,0
defunci,1,0
wheelchair,1,0
creescan,1,0
ereccin,1,0
licensias,1,0
potential,1,0
loefam,1,0
supervivivencia,1,0
deprorable,1,0
dtca,1,0
elaborate,1,0
acudias,1,0
tecnolog,1,0
incongruent,1,-3
puederrelizar,1,0
pity,1,0
consiensia,1,0
speedier,1,0
prevencin,1,0
contestaci,1,0
castilian,1,0
electrnicamente,1,0
reliazar,1,0
cmo,1,0
personalidaza,1,0
cowardly,1,-5
wealthy,1,0
explosive,1,0
conscious,1,0
extorcionador,1,-3
hubican,1,0
preyectos,1,0
save,1,0
obligacin,1,0
habrir,1,0
envespecifico,1,0
papeler,1,0
unfit,1,0
direno,1,0
firstlevel,1,0
irksome,1,0
tampachula,1,0
vencidoteniendo,1,0
symbolic,1,0
cuande,1,0
llenadodesolicitud,1,0
skilled,1,0
exalted,1,0
asian,1,0
enlasar,1,0
reiniermalpicagmailcom,1,0
tepeji,1,0
confident,1,0
calusa,1,0
dumbfounded,1,0
adondeacudir,1,0
voluntada,1,0
argentine,1,0
atoraba,1,0
reverse,1,0
muchaaaaaas,1,0
generic,1,0
incoformidad,1,0
accompanying,1,0
otherm,1,0
asiacomo,1,0
digitalizaci,1,0
pervade,1,0
overpaid,1,0
multimedia,1,0
unbeaten,1,0
declarative,1,0
precious,1,3
ademasde,1,0
hostile,1,0
notarias,1,0
incorporacion,1,0
busiest,1,-3
cfdi,1,0
maritime,1,0
establishe,1,0
sobran,1,0
ingres,1,0
farmaciadesde,1,0
ningunlado,1,0
discapasitada,1,0
equivalent,1,0
ostricidad,1,0
updatable,1,0
basis,1,0
uninformed,1,-2
visual,1,0
destitute,1,-3
necesittabas,1,0
incred,1,0
solititud,1,0
agregeguen,1,0
exit,1,0
gallagheralanyahoocom,1,0
quedeberiade,1,0
demaciadas,1,0
safest,1,0
appreciable,1,0
tebae,1,0
asosiarce,1,0
programarlacada,1,0
enti,1,0
ntype,1,0
farfetched,1,0
cool,1,0
catualizar,1,0
disappear,1,0
operative,1,0
th,1,0
progamar,1,0
alike,1,0
acsoletas,1,0
baccalaureate,1,0
imternet,1,0
manerani,1,0
sitioesta,1,0
ostigar,1,0
graphical,1,0
consancia,1,0
jubilda,1,0
preatorizacion,1,0
nuevacita,1,0
baby,1,0
neseciten,1,0
annotate,1,0
credenza,1,0
alcansaria,1,0
httpdgetisepgobmxindexphpofertaeducativayplantelesubicatuplantel,1,0
foolish,1,-3
degenerative,1,-3
ineterbancaria,1,0
annoyed,1,0
hispanic,1,0
domicilio,1,0
pnganse,1,
refencia,1,0
masyor,1,0
outdoors,1,0
oficialia,1,0
misinformed,1,-2
cep,1,0
aprecen,1,0
unprotected,1,0
casihnlrnv,1,0
supestamente,1,0
condusef,1,0
bold,1,0
polticamente,1,0
european,1,0
advisable,1,0
quirofano,1,0
acdesar,1,0
trabajoy,1,0
electonicamente,1,0
imaginensen,1,0
avaliab,1,0
incorreto,1,0
puedde,1,0
contesar,1,0
pensionado,1,0
maoza,1,0
repblica,1,0
clumsy,1,-3
dependecia,1,0
pasaport,1,0
suppository,1,0
illegible,1,-2
clandestine,1,0
sarh,1,0
beneficent,1,0
aparescan,1,0
oriented,1,0
lookind,1,0
unacita,1,0
dependensias,1,0
jesusaguilar,1,0
inapam,1,0
alternate,1,0
httpsepgobmxessepsepgradoacademico,1,0
bothersome,1,0
petroqumica,1,0
pleased,1,3
dateless,1,0
cieudad,1,0
prxima,1,0
calm,1,0
credenciao,1,0
famiiarizadas,1,0
uncultured,1,-2
etramitar,1,0
delicate,1,0
spabado,1,0
aceptaci,1,0
smooth,1,0
restrictive,1,-2
disparate,1,0
aparesca,1,0
rectangular,1,0
desconcentre,1,0
vivo,1,0
estasdo,1,0
sta,1,0
landmark,1,0
atenticidad,1,0
sensilla,1,0
vaguest,1,0
bamco,1,0
perosnal,1,0
constesten,1,0
qualified,1,0
elmunicipio,1,0
differential,1,0
resolucin,1,0
situaci,1,0
chat,1,0
ecinco,1,0
autd,1,0
unconstitutional,1,0
unlisted,1,0
convenientll,1,0
municiopio,1,0
convincing,1,0
versin,1,0
mass,1,0
locarlizar,1,0
veracruzanjunocom,1,0
justify,1,0
rapacious,1,-5
esplicado,1,0
comprobacin,1,0
latina,1,0
anios,1,0
permitar,1,0
lascomputadoras,1,0
liliana,1,0
southern,1,0
nesetite,1,0
automating,1,0
agendo,1,0
agendan,1,
leobardo,1,0
ultimate,1,0
sds,1,0
alonsofaehotmailcom,1,0
bedolla,1,0
paramount,1,0
complicaron,1,-3
transitory,1,0
estadsticas,1,0
acudiera,1,0
deductible,1,0
orgullosamente,1,3
federative,1,0
abinadi,1,0
quintuple,1,0
nonrecruitment,1,0
highrisk,1,0
encontr,1,0
ayudara,1,0
rose,1,0
homogenize,1,0
afiliatoria,1,0
contribullente,1,0
documentacin,1,0
preferenciar,1,0
shoddy,1,0
solar,1,0
poendejo,1,-10
optimisaci,1,0
vulnerable,1,0
porsupuesto,1,0
constitutional,1,0
grouchy,1,0
autodigata,1,0
limit,1,0
coincide,1,0
pensionadora,1,0
tehuacanpuebla,1,0
inconsiderate,1,-2
latencion,1,0
psrticular,1,0
shameful,1,-5
nvironmental,1,0
nesecidad,1,0
uncoordinated,1,-2
ligapero,1,0
contrage,1,0
mechanic,1,0
presentate,1,0
uncertain,1,0
nrcesitan,1,0
everyday,1,0
avarque,1,0
acredito,1,0
susceptible,1,0
excensin,1,0
fcilmente,1,0
inegrar,1,0
rauladhgmailcom,1,0
demo,1,0
nostratren,1,0
weird,1,-2
pasiencia,1,0
md,1,0
indifferent,1,0
recuado,1,0
inferior,1,0
agregen,1,0
wellfounded,1,0
pgd,1,0
ntica,1,0
realica,1,0
cheap,1,0
hobligar,1,0
ismaeltorressandovalgmailcom,1,0
hubicar,1,0
comparable,1,0
burdensome,1,0
native,1,0
peronal,1,0
avaialble,1,0
coatzintla,1,0
desepcionante,1,-7
imbecile,1,-10
doublecheck,1,0
obstculo,1,0
safer,1,0
reengineer,1,0
unspecific,1,0
acatualizacion,1,0
relizado,1,0
imediato,1,0
hacistir,1,0
goodbye,1,0
algn,1,0
verify,1,0
daafcbdfb,1,0
dshaganse,1,0
coherent,1,0
humane,1,0
nerve,1,0
preparatory,1,0
pregnant,1,0
cryptic,1,0
tancuayalab,1,0
nonlocal,1,0
imcompleta,1,-2
unimportant,1,0
porqueaunquelleves,1,0
intentional,1,0
unkind,1,0
precartilla,1,0
turissste,1,0
cranky,1,0
seleeccionar,1,0
soonest,1,0
regardless,1,0
paganel,1,0
atravajar,1,0
chronological,1,0
unemployment,1,0
cursory,1,0
clasificaci,1,0
examplem,1,0
anticipaci,1,0
umildad,1,0
nacesaria,1,0
surf,1,0
crude,1,0
opportune,1,0
ormatividad,1,0
oportunidadess,1,0
electronico,1,0
ixtapaluca,1,0
quiet,1,0
alarming,1,0
beneficial,1,0
yyanomedeja,1,0
solicitarme,1,0
aproximaximada,1,0
nacid,1,0
corrobar,1,0
yellow,1,0
danay,1,0
importaci,1,0
uneducated,1,-3
controversial,1,0
preregristro,1,0
hippocratic,1,0
vigentetrabajadora,1,0
nonfederal,1,0
diregirse,1,0
siudadano,1,0
comitancillo,1,0
flashy,1,0
agendarla,1,0
educan,1,0
acualizado,1,0
mnden,1,0
autorizadaas,1,0
ringpass,1,0
inquiriesm,1,0
dirty,1,-3
rpor,1,0
florentine,1,0
handwritten,1,0
estube,1,0
cbernalvgmailcom,1,0
defaul,1,0
copsas,1,0
pretty,1,0
culmination,1,0
caractersticas,1,0
notficicar,1,0
municicio,1,0
unmotivated,1,-2
salary,1,0
libraryand,1,0
unauthorized,1,0
rambunctious,1,0
chiquit,1,0
uruapan,1,0
vicious,1,0
outdoor,1,0
agradeciria,1,0
visiible,1,0
discharge,1,0
mycountry,1,0
subtract,1,0
fideicomiso,1,0
modernisense,1,0
sensitive,1,0
tardaren,1,0
warm,1,0
austere,1,0
fuzzy,1,0
activenlos,1,0
procedi,1,0
comuniquey,1,0
unsolicited,1,0
sweet,1,3
topographic,1,0
diceador,1,0
crendencial,1,0
milsadelhotmailcom,1,0
laborando,1,0
imigrante,1,0
lastminute,1,0
ixtapalca,1,0
wellknown,1,0
aplicacin,1,0
internete,1,0
emotional,1,0
gmedvedcromexcommx,1,0
sertificado,1,0
nacionaldiad,1,0
transcendent,1,0
isste,1,0
careful,1,0
cuautla,1,0
tlanepantla,1,0
strict,1,-2
q,1,0
rubbish,1,0
premature,1,0
acertividad,1,0
fotogrsfias,1,0
paymaster,1,0
unidense,1,0
uncombed,1,0
encimado,1,
exsiten,1,0
constestacin,1,0
artv,1,0
iztacalco,1,0
cmplementar,1,0
karpyhotmailcom,1,0
cmf,1,0
aztec,1,0
fono,1,0
opotunidad,1,0
porqueria,1,-7
diferentesoficinas,1,0
enquecuandomueradejotodamierehreciaenlainfomacionantigua,1,0
pragunta,1,0
tramiete,1,0
kiero,1,0
quera,1,0
pochutla,1,0
processve,1,0
inhuman,1,-5
golden,1,0
manufacturen,1,0
illtreatment,1,0
enlacfe,1,0
instalaci,1,0
inmediatamenta,1,0
stressful,1,-3
anetrior,1,0
necesidar,1,0
rliratlhcommx,1,0
haser,1,0
programabas,1,0
loud,1,0
traumatic,1,-2
blissful,1,2
impeccable,1,3
complicaci,1,0
anio,1,0
santaalehotmailcom,1,0
ive,1,0
profeco,1,0
contrasea,1,0
quicker,1,0
secret,1,0
regrettable,1,0
patzcuaro,1,0
aguazulhotmailcom,1,0
destine,1,0
atenter,1,0
acs,1,0
burocr,1,0
integracin,1,0
contemporary,1,0
mejorer,1,0
offer nonfunctional,1,0
pgn,1,0
fit,1,0
carrearas,1,0
maana,1,0
vicma,1,0
verbigracia,1,0
repeat,1,0
field,1,0
oicangihchotmailcom,1,0
remote,1,0
modest,1,0
geographic,1,0
irrefutable,1,0
agendada,1,0
agredecere,1,0
prepotente,1,0
soliictud,1,0
hypertensive,1,0
pointless,1,0
exhausting,1,0
parap,1,0
supuiesto,1,0
realizen,1,0
captive,1,0
excess,1,0
categorical,1,0
soliaria,1,0
externalize,1,0
psychophysical,1,0
regsitrarme,1,0
adquisicin,1,0
matter,1,0
nesecita,1,0
trsladarme,1,0
incluendo,1,0
guayaquil,1,0
deplorable,1,-5
wide,1,0
direccio,1,0
fastidiafop,1,-5
metro,1,0
handicapped,1,0
licadrianaalvarezgmailcom,1,0
requisitar,1,0
recapcha,1,0
chiapasdelegacion,1,0
hungry,1,0
hipervnculo,1,0
dependcia,1,0
nuestrso,1,0
emprica,1,0
cerebral,1,0
suspicious,1,0
tultitlan,1,0
reject,1,0
nonpersonal,1,0
comunicasion,1,0
combeniente,1,0
thereof,1,0
grownup,1,0
halfway,1,0
cionsulado,1,0
youth,1,0
spare,1,0
unrelated,1,0
rosalio,1,0
retention,1,0
transient,1,0
mansi,1,0
tardandose,1,0
own,1,0
hacd,1,0
ahead,1,0
cient,1,0
estaras,1,0
pagu,1,0
absent,1,0
alcanse,1,0
resultadono,1,0
sociodemographic,1,0
insecure,1,0
whatsoever,1,0
noneditable,1,0
optimum,1,0
demeaning,1,0
yegado,1,0
debera,1,0
rhondaukictscouk,1,0
wing,1,0
regulatory,1,0
elelctronica,1,0
disen,1,0
tarden,1,0
atiendaaaaaa,1,0
kindest,1,5
localizacin,1,0
prepotentedejan,1,-5
regiomontana,1,0
toalmente,1,0
siertas,1,0
renobable,1,0
endonde,1,0
qpuedo,1,0
especfica,1,0
imediat,1,0
unrequisito,1,0
hipocresas,1,0
writeable,1,0
instructivo,1,0
acreditaci,1,0
capacidd,1,0
areagracias,1,0
cad,1,0
verificaci,1,0
applicant,1,0
areglar,1,0
internetgracias,1,0
sercana,1,0
eager,1,0
nesesito,1,0
problemof,1,0
situationm,1,0
colcandoun,1,0
inoperative,1,-2
nifty,1,0
harmonious,1,0
provincial,1,0
tramitesde,1,0
petici,1,0
japanese,1,0
warmth,1,0
itinerant,1,0
estadisponible,1,0
modulo,1,0
especificar,1,0
descripci,1,0
tranladarce,1,0
concesionaria,1,0
russian,1,0
nno,1,0
dpendencia,1,0
guasave,1,0
comunic,1,0
aishgfdiuasgkjfbdn,1,0
plain,1,0
diplomticas,1,0
matricula,1,0
lespasa,1,0
vaunted,1,0
ansestros,1,0
sabadoen,1,0
abysmal,1,0
discreet,1,0
reinforce,1,0
sleazy,1,0
incompatible,1,0
oldest,1,0
nonworking,1,0
aliest,1,0
insulting,1,-5
pensioniste,1,0
prison,1,0
galeana,1,0
sisitema,1,0
permisode,1,0
harsh,1,0
cualqueir,1,0
ultrabengue,1,0
preentarse,1,0
roaaba,1,0
imformacion,1,0
alcansamos,1,0
hapia,1,0
officialdom,1,0
accceso,1,0
multitude,1,0
messy,1,-3
foreground,1,0
legalizaci,1,0
audible,1,0
planificaci,1,0
sensille,1,0
faint,1,0
prsencial,1,0
nculo,1,0
acayucan,1,0
inentendible,1,0
inadequate,1,-2
beefy,1,0
promocionana,1,0
chequenla,1,0
extrabajadora,1,0
downcast,1,0
chingado,1,-7
ase,1,0
fortunate,1,0
atualizarla,1,0
baucher,1,0
helpless,1,0
donsantingmailcom,1,0
ncarry,1,0
gentile,1,5
sinavid,1,0
yazminyadirasilvaramirezgmailcom,1,0
solisitante,1,0
preapeir,1,0
inegiorgmx,1,0
jubilara,1,0
danish,1,0
speechless,1,0
scarce,1,0
unaccountable,1,0
gigantic,1,0
outsourcinf,1,0
parentheses,1,0
younger,1,0
unannounced,1,0
negligent,1,-5
excited,1,0
campanian,1,0
clueless,1,0
tryptic,1,0
unwilling,1,-3
errorez,1,0
iigual,1,0
shitty,1,-10
fasilitaria,1,0
inactive,1,0
fruitless,1,0
desaogo,1,0
inaccessible,1,0
porke,1,0
xonacatlan,1,0
upside,1,0
perando,1,0
musculoskeletal,1,0
spurious,1,0
cancun,1,0
reverend,1,0
abdbdadgeaebcffk,1,0
ethical,1,0
nopala,1,0
presentarsepara,1,0
impressive,1,0
obtenado,1,0
incapacida,1,0
contradictory,1,-2
orientacin,1,0
biometrico,1,0
cuahtemoc,1,0
uazunamuaz,1,0
efonica,1,0
adminsitrativa,1,0
aged,1,0
preporcionan,1,0
coordial,1,0
sibernetico,1,0
saccade,1,0
cooperative,1,0
instruccin,1,0
fcilidad,1,0
overseas,1,0
eletronic,1,0
produscan,1,0
mamd,1,0
gestor,1,0
demaciado,1,0
entar,1,0
mexicano,1,0
incoherent,1,-2
illiterate,1,0
leaner,1,0
opcin,1,0
filthy,1,-3
unprofessional,1,-3
definici,1,0
gustificar,1,0
conadic,1,0
garrafal,1,0
precencial,1,0
consuladono,1,0
eecshotmailcom,1,0
supercomplicado,1,0
preset,1,0
acesoria,1,0
unlikely,1,0
procesar,1,0
podra,1,0
worldwide,1,0
despot,1,0
porquera,1,-3
palomeando,1,0
impressed,1,0
cacaraqueada,1,0
horio,1,0
encuetra,1,0
accesos,1,0
ajendar,1,0
prob,1,0
realistic,1,0
issstetel,1,0
cff,1,0
preeregistro,1,0
eternal,1,0
unbureaucratic,1,0
findable,1,0
earthly,1,0
instrutivo,1,0
rechazanestaba,1,0
necesitomas,1,0
travez,1,0
chronic,1,0
outsider,1,0
vulnetra,1,0
tactless,1,0
intentanto,1,0
inmediantas,1,0
rational,1,0
anteriormentepodia,1,0
richest,1,0
cominicar,1,0
accicente,1,0
ised,1,0
millennium,1,0
aposillar,1,0
understaffed,1,0
sacral,1,0
pacific,1,0
discretionary,1,0
karlamariarghotmailcom,1,0
firsthand,1,0
ccitas,1,0
renovaacion,1,0
forefront,1,0
oficianas,1,0
consegudio,1,0
conducive,1,0
transpaso,1,0
credence,1,0
tramitar,1,0
deber,1,0
difd,1,0
lauraletticiasistemasgmailcom,1,0
indezphp,1,0
lose,1,0
veneficiarias,1,0
communal,1,0
usurious,1,0
ellave,1,0
sixteenth,1,0
left,1,0
obten,1,0
aas,1,0
optical,1,0
consequent,1,0
realicepara,1,0
assistant,1,0
homogeneous,1,0
nngase,1,0
llenadono,1,0
verificative,1,0
tiresome,1,0
distinctive,1,0
simplifiquenla,1,0
atoridad,1,0
tall,1,0
resibieron,1,0
print,1,0
oportunaojala,1,0
paternal,1,0
yelefono,1,0
inter,1,0
slave,1,0
ebfdgbbgfedcdakc,1,0
preregistrocitasportaljsf,1,0
marginal,1,0
abisaban,1,0
nafinsa,1,0
muchsima,1,0
defarmacia,1,0
dire,1,0
esplica,1,0
reputable,1,0
throwback,1,0
fillable,1,0
inferred,1,0
obtencin,1,0
deniedm,1,0
dark,1,0
diriji,1,0
lomismo,1,0
multidisciplinary,1,0
necesityadas,1,0
sritarivera,1,0
responasabiliad,1,0
ciudadan,1,0
sseebra,1,0
nosortos,1,0
agendarse,1,0
habren,1,0
uninsured,1,0
recommission,1,0
unificacion,1,0
ejersa,1,0
segundaria,1,0
farther,1,0
intitava,1,0
tansolo,1,0
opposite,1,0
cetificado,1,0
distnace,1,0
telephonic,1,0
form,1,0
talented,1,0
qutenla,1,0
dpto,1,0
shortest,1,0
identidicacion,1,0
pensionaria,1,0
olvdenlo,1,0
inea,1,0
reyesguadalupehotmailcom,1,0
ssignment,1,0
funeral,1,0
sleepless,1,-3
punctual,1,0
onestop,1,0
cyelan,1,0
collective,1,0
viritouslivecommx,1,0
infomaci,1,0
laborious,1,-2
tiring,1,0
ytemgp,1,0
nasty,1,-5
prepapago,1,0
juquilaoaxaca,1,0
manjea,1,0
brilliant,1,0
shocking,1,0
poruqe,1,0
sirvala,1,0
economical,1,0
unfruitful,1,0
manter,1,0
side,1,0
raw,1,0
flagrant,1,0
plainer,1,0
moreover,1,0
largescale,1,0
slp,1,0
alaborar,1,0
placeable,1,0
maryhotmailcom,1,0
dreadful,1,0
realuzar,1,0
selfcare,1,0
vwuectipo,1,0
friendliest,1,0
bueltas,1,0
